"module name","license","repository"
"abab@1.0.4","ISC","https://github.com/jsdom/abab"
"abbrev@1.1.0","ISC","https://github.com/isaacs/abbrev-js"
"abbrev@1.1.1","ISC","https://github.com/isaacs/abbrev-js"
"accepts@1.3.4","MIT","https://github.com/jshttp/accepts"
"acorn-globals@3.1.0","MIT","https://github.com/ForbesLindesay/acorn-globals"
"acorn-jsx@3.0.1","MIT","https://github.com/RReverser/acorn-jsx"
"acorn@3.3.0","MIT","https://github.com/ternjs/acorn"
"acorn@4.0.13","MIT","https://github.com/ternjs/acorn"
"acorn@5.3.0","MIT","https://github.com/acornjs/acorn"
"ajv-keywords@1.5.1","MIT","https://github.com/epoberezkin/ajv-keywords"
"ajv@4.11.8","MIT","https://github.com/epoberezkin/ajv"
"ajv@5.5.2","MIT","https://github.com/epoberezkin/ajv"
"align-text@0.1.4","MIT","https://github.com/jonschlinkert/align-text"
"alphanum-sort@1.0.2","MIT","https://github.com/TrySound/alphanum-sort"
"amdefine@1.0.1","BSD-3-Clause OR MIT","https://github.com/jrburke/amdefine"
"ansi-escapes@1.4.0","MIT","https://github.com/sindresorhus/ansi-escapes"
"ansi-html@0.0.7","Apache-2.0","https://github.com/Tjatse/ansi-html"
"ansi-regex@2.1.1","MIT","https://github.com/chalk/ansi-regex"
"ansi-regex@3.0.0","MIT","https://github.com/chalk/ansi-regex"
"ansi-styles@2.2.1","MIT","https://github.com/chalk/ansi-styles"
"ansi-styles@3.2.0","MIT","https://github.com/chalk/ansi-styles"
"ansicolors@0.2.1","MIT","https://github.com/thlorenz/ansicolors"
"anymatch@1.3.2","ISC","https://github.com/es128/anymatch"
"append-transform@0.4.0","MIT","https://github.com/jamestalmage/append-transform"
"aproba@1.1.1","ISC","https://github.com/iarna/aproba"
"aproba@1.2.0","ISC","https://github.com/iarna/aproba"
"are-we-there-yet@1.1.4","ISC","https://github.com/iarna/are-we-there-yet"
"argparse@1.0.9","MIT","https://github.com/nodeca/argparse"
"arr-diff@2.0.0","MIT","https://github.com/jonschlinkert/arr-diff"
"arr-flatten@1.1.0","MIT","https://github.com/jonschlinkert/arr-flatten"
"array-equal@1.0.0","MIT","https://github.com/component/array-equal"
"array-find-index@1.0.2","MIT","https://github.com/sindresorhus/array-find-index"
"array-find@1.0.0","MIT","https://github.com/stefanduberg/array-find"
"array-flatten@1.1.1","MIT","https://github.com/blakeembrey/array-flatten"
"array-union@1.0.2","MIT","https://github.com/sindresorhus/array-union"
"array-uniq@1.0.3","MIT","https://github.com/sindresorhus/array-uniq"
"array-unique@0.2.1","MIT","https://github.com/jonschlinkert/array-unique"
"array.prototype.find@2.0.4","MIT","https://github.com/paulmillr/Array.prototype.find"
"arrify@1.0.1","MIT","https://github.com/sindresorhus/arrify"
"asap@2.0.6","MIT","https://github.com/kriskowal/asap"
"asn1.js@4.9.2","MIT","https://github.com/indutny/asn1.js"
"asn1@0.2.3","MIT","https://github.com/mcavage/node-asn1"
"assert-plus@0.2.0","MIT","https://github.com/mcavage/node-assert-plus"
"assert-plus@1.0.0","MIT","https://github.com/mcavage/node-assert-plus"
"assert@1.4.1","MIT","https://github.com/defunctzombie/commonjs-assert"
"async-each@1.0.1","MIT","https://github.com/paulmillr/async-each"
"async-foreach@0.1.3","MIT*","https://github.com/cowboy/javascript-sync-async-foreach"
"async-limiter@1.0.0","MIT","https://github.com/strml/async-limiter"
"async@0.2.10","MIT","https://github.com/caolan/async"
"async@0.9.2","MIT","https://github.com/caolan/async"
"async@1.5.2","MIT","https://github.com/caolan/async"
"async@2.6.0","MIT","https://github.com/caolan/async"
"asynckit@0.4.0","MIT","https://github.com/alexindigo/asynckit"
"attr-accept@1.1.0","MIT","https://github.com/okonet/attr-accept"
"autoprefixer@6.7.7","MIT","https://github.com/postcss/autoprefixer"
"aws-sign2@0.6.0","Apache-2.0","https://github.com/mikeal/aws-sign"
"aws-sign2@0.7.0","Apache-2.0","https://github.com/mikeal/aws-sign"
"aws4@1.6.0","MIT","https://github.com/mhart/aws4"
"babel-code-frame@6.26.0","MIT","https://github.com/babel/babel/tree/master/packages/babel-code-frame"
"babel-core@6.26.0","MIT","https://github.com/babel/babel/tree/master/packages/babel-core"
"babel-generator@6.26.0","MIT","https://github.com/babel/babel/tree/master/packages/babel-generator"
"babel-helper-builder-react-jsx@6.26.0","MIT","https://github.com/babel/babel/tree/master/packages/babel-helper-builder-react-jsx"
"babel-helper-call-delegate@6.24.1","MIT","https://github.com/babel/babel/tree/master/packages/babel-helper-call-delegate"
"babel-helper-define-map@6.26.0","MIT","https://github.com/babel/babel/tree/master/packages/babel-helper-define-map"
"babel-helper-function-name@6.24.1","MIT","https://github.com/babel/babel/tree/master/packages/babel-helper-function-name"
"babel-helper-get-function-arity@6.24.1","MIT","https://github.com/babel/babel/tree/master/packages/babel-helper-get-function-arity"
"babel-helper-hoist-variables@6.24.1","MIT","https://github.com/babel/babel/tree/master/packages/babel-helper-hoist-variables"
"babel-helper-optimise-call-expression@6.24.1","MIT","https://github.com/babel/babel/tree/master/packages/babel-helper-optimise-call-expression"
"babel-helper-regex@6.26.0","MIT","https://github.com/babel/babel/tree/master/packages/babel-helper-regex"
"babel-helper-replace-supers@6.24.1","MIT","https://github.com/babel/babel/tree/master/packages/babel-helper-replace-supers"
"babel-helpers@6.24.1","MIT","https://github.com/babel/babel/tree/master/packages/babel-helpers"
"babel-jest@18.0.0","BSD-3-Clause","https://github.com/facebook/jest"
"babel-loader@6.4.1","MIT","https://github.com/babel/babel-loader"
"babel-messages@6.23.0","MIT","https://github.com/babel/babel/tree/master/packages/babel-messages"
"babel-plugin-check-es2015-constants@6.22.0","MIT","https://github.com/babel/babel/tree/master/packages/babel-plugin-check-es2015-constants"
"babel-plugin-istanbul@3.1.2","BSD-3-Clause","https://github.com/istanbuljs/babel-plugin-istanbul"
"babel-plugin-jest-hoist@18.0.0","BSD-3-Clause","https://github.com/facebook/jest"
"babel-plugin-react-transform@2.0.2","MIT","https://github.com/gaearon/babel-plugin-react-transform"
"babel-plugin-syntax-flow@6.18.0","MIT","https://github.com/babel/babel/tree/master/packages/babel-plugin-syntax-flow"
"babel-plugin-syntax-jsx@6.18.0","MIT","https://github.com/babel/babel/tree/master/packages/babel-plugin-syntax-jsx"
"babel-plugin-syntax-object-rest-spread@6.13.0","MIT","https://github.com/babel/babel/tree/master/packages/babel-plugin-syntax-object-rest-spread"
"babel-plugin-transform-es2015-arrow-functions@6.22.0","MIT","https://github.com/babel/babel/tree/master/packages/babel-plugin-transform-es2015-arrow-functions"
"babel-plugin-transform-es2015-block-scoped-functions@6.22.0","MIT","https://github.com/babel/babel/tree/master/packages/babel-plugin-transform-es2015-block-scoped-functions"
"babel-plugin-transform-es2015-block-scoping@6.26.0","MIT","https://github.com/babel/babel/tree/master/packages/babel-plugin-transform-es2015-block-scoping"
"babel-plugin-transform-es2015-classes@6.24.1","MIT","https://github.com/babel/babel/tree/master/packages/babel-plugin-transform-es2015-classes"
"babel-plugin-transform-es2015-computed-properties@6.24.1","MIT","https://github.com/babel/babel/tree/master/packages/babel-plugin-transform-es2015-computed-properties"
"babel-plugin-transform-es2015-destructuring@6.23.0","MIT","https://github.com/babel/babel/tree/master/packages/babel-plugin-transform-es2015-destructuring"
"babel-plugin-transform-es2015-duplicate-keys@6.24.1","MIT","https://github.com/babel/babel/tree/master/packages/babel-plugin-transform-es2015-duplicate-keys"
"babel-plugin-transform-es2015-for-of@6.23.0","MIT","https://github.com/babel/babel/tree/master/packages/babel-plugin-transform-es2015-for-of"
"babel-plugin-transform-es2015-function-name@6.24.1","MIT","https://github.com/babel/babel/tree/master/packages/babel-plugin-transform-es2015-function-name"
"babel-plugin-transform-es2015-literals@6.22.0","MIT","https://github.com/babel/babel/tree/master/packages/babel-plugin-transform-es2015-literals"
"babel-plugin-transform-es2015-modules-amd@6.24.1","MIT","https://github.com/babel/babel/tree/master/packages/babel-plugin-transform-es2015-modules-amd"
"babel-plugin-transform-es2015-modules-commonjs@6.26.0","MIT","https://github.com/babel/babel/tree/master/packages/babel-plugin-transform-es2015-modules-commonjs"
"babel-plugin-transform-es2015-modules-systemjs@6.24.1","MIT","https://github.com/babel/babel/tree/master/packages/babel-plugin-transform-es2015-modules-systemjs"
"babel-plugin-transform-es2015-modules-umd@6.24.1","MIT","https://github.com/babel/babel/tree/master/packages/babel-plugin-transform-es2015-modules-umd"
"babel-plugin-transform-es2015-object-super@6.24.1","MIT","https://github.com/babel/babel/tree/master/packages/babel-plugin-transform-es2015-object-super"
"babel-plugin-transform-es2015-parameters@6.24.1","MIT","https://github.com/babel/babel/tree/master/packages/babel-plugin-transform-es2015-parameters"
"babel-plugin-transform-es2015-shorthand-properties@6.24.1","MIT","https://github.com/babel/babel/tree/master/packages/babel-plugin-transform-es2015-shorthand-properties"
"babel-plugin-transform-es2015-spread@6.22.0","MIT","https://github.com/babel/babel/tree/master/packages/babel-plugin-transform-es2015-spread"
"babel-plugin-transform-es2015-sticky-regex@6.24.1","MIT","https://github.com/babel/babel/tree/master/packages/babel-plugin-transform-es2015-sticky-regex"
"babel-plugin-transform-es2015-template-literals@6.22.0","MIT","https://github.com/babel/babel/tree/master/packages/babel-plugin-transform-es2015-template-literals"
"babel-plugin-transform-es2015-typeof-symbol@6.23.0","MIT","https://github.com/babel/babel/tree/master/packages/babel-plugin-transform-es2015-typeof-symbol"
"babel-plugin-transform-es2015-unicode-regex@6.24.1","MIT","https://github.com/babel/babel/tree/master/packages/babel-plugin-transform-es2015-unicode-regex"
"babel-plugin-transform-flow-strip-types@6.22.0","MIT","https://github.com/babel/babel/tree/master/packages/babel-plugin-transform-flow-strip-types"
"babel-plugin-transform-object-rest-spread@6.26.0","MIT","https://github.com/babel/babel/tree/master/packages/babel-plugin-transform-object-rest-spread"
"babel-plugin-transform-react-display-name@6.25.0","MIT","https://github.com/babel/babel/tree/master/packages/babel-plugin-transform-react-display-name"
"babel-plugin-transform-react-jsx-self@6.22.0","MIT","https://github.com/babel/babel/tree/master/packages/babel-plugin-transform-react-jsx-self"
"babel-plugin-transform-react-jsx-source@6.22.0","MIT","https://github.com/babel/babel/tree/master/packages/babel-plugin-transform-react-jsx-source"
"babel-plugin-transform-react-jsx@6.24.1","MIT","https://github.com/babel/babel/tree/master/packages/babel-plugin-transform-react-jsx"
"babel-plugin-transform-regenerator@6.26.0","MIT","https://github.com/babel/babel/tree/master/packages/babel-plugin-transform-regenerator"
"babel-plugin-transform-strict-mode@6.24.1","MIT","https://github.com/babel/babel/tree/master/packages/babel-plugin-transform-strict-mode"
"babel-polyfill@6.26.0","MIT","https://github.com/babel/babel/tree/master/packages/babel-polyfill"
"babel-preset-es2015@6.24.1","MIT","https://github.com/babel/babel/tree/master/packages/babel-preset-es2015"
"babel-preset-flow@6.23.0","MIT","https://github.com/babel/babel/tree/master/packages/babel-preset-flow"
"babel-preset-jest@18.0.0","BSD-3-Clause","https://github.com/facebook/jest"
"babel-preset-react@6.24.1","MIT","https://github.com/babel/babel/tree/master/packages/babel-preset-react"
"babel-register@6.26.0","MIT","https://github.com/babel/babel/tree/master/packages/babel-register"
"babel-runtime@6.26.0","MIT","https://github.com/babel/babel/tree/master/packages/babel-runtime"
"babel-template@6.26.0","MIT","https://github.com/babel/babel/tree/master/packages/babel-template"
"babel-traverse@6.26.0","MIT","https://github.com/babel/babel/tree/master/packages/babel-traverse"
"babel-types@6.26.0","MIT","https://github.com/babel/babel/tree/master/packages/babel-types"
"babylon@6.18.0","MIT","https://github.com/babel/babylon"
"balanced-match@0.4.2","MIT","https://github.com/juliangruber/balanced-match"
"balanced-match@1.0.0","MIT","https://github.com/juliangruber/balanced-match"
"base64-js@1.2.1","MIT","https://github.com/beatgammit/base64-js"
"batch@0.6.1","MIT","https://github.com/visionmedia/batch"
"bcrypt-pbkdf@1.0.1","BSD-3-Clause",""
"big.js@3.2.0","MIT","https://github.com/MikeMcl/big.js"
"binary-extensions@1.11.0","MIT","https://github.com/sindresorhus/binary-extensions"
"block-stream@0.0.9","ISC","https://github.com/isaacs/block-stream"
"bluebird@3.5.1","MIT","https://github.com/petkaantonov/bluebird"
"bn.js@4.11.8","MIT","https://github.com/indutny/bn.js"
"body-parser@1.18.2","MIT","https://github.com/expressjs/body-parser"
"boolbase@1.0.0","ISC","https://github.com/fb55/boolbase"
"boom@2.10.1","BSD-3-Clause","https://github.com/hapijs/boom"
"boom@4.3.1","BSD-3-Clause","https://github.com/hapijs/boom"
"boom@5.2.0","BSD-3-Clause","https://github.com/hapijs/boom"
"brace-expansion@1.1.7","MIT","https://github.com/juliangruber/brace-expansion"
"brace-expansion@1.1.8","MIT","https://github.com/juliangruber/brace-expansion"
"braces@1.8.5","MIT","https://github.com/jonschlinkert/braces"
"brorand@1.1.0","MIT","https://github.com/indutny/brorand"
"browser-resolve@1.11.2","MIT","https://github.com/shtylman/node-browser-resolve"
"browserify-aes@0.4.0","MIT","https://github.com/calvinmetcalf/browserify-aes"
"browserify-aes@1.1.1","MIT","https://github.com/crypto-browserify/browserify-aes"
"browserify-cipher@1.0.0","MIT","https://github.com/crypto-browserify/browserify-cipher"
"browserify-des@1.0.0","MIT","https://github.com/crypto-browserify/browserify-des"
"browserify-rsa@4.0.1","MIT","https://github.com/crypto-browserify/browserify-rsa"
"browserify-sign@4.0.4","ISC","https://github.com/crypto-browserify/browserify-sign"
"browserify-zlib@0.1.4","MIT","https://github.com/devongovett/browserify-zlib"
"browserslist@1.7.7","MIT","https://github.com/ai/browserslist"
"bser@1.0.2","Apache-2.0","https://github.com/facebook/watchman"
"buffer-shims@1.0.0","MIT","https://github.com/calvinmetcalf/buffer-shims"
"buffer-xor@1.0.3","MIT","https://github.com/crypto-browserify/buffer-xor"
"buffer@4.9.1","MIT","https://github.com/feross/buffer"
"builtin-modules@1.1.1","MIT","https://github.com/sindresorhus/builtin-modules"
"builtin-status-codes@3.0.0","MIT","https://github.com/bendrucker/builtin-status-codes"
"bytes@3.0.0","MIT","https://github.com/visionmedia/bytes.js"
"caller-path@0.1.0","MIT","https://github.com/sindresorhus/caller-path"
"callsites@0.2.0","MIT","https://github.com/sindresorhus/callsites"
"callsites@2.0.0","MIT","https://github.com/sindresorhus/callsites"
"camel-case@3.0.0","MIT","https://github.com/blakeembrey/camel-case"
"camelcase-keys@2.1.0","MIT","https://github.com/sindresorhus/camelcase-keys"
"camelcase@1.2.1","MIT","https://github.com/sindresorhus/camelcase"
"camelcase@2.1.1","MIT","https://github.com/sindresorhus/camelcase"
"camelcase@3.0.0","MIT","https://github.com/sindresorhus/camelcase"
"caniuse-api@1.6.1","MIT","https://github.com/nyalab/caniuse-api"
"caniuse-db@1.0.30000791","CC-BY-4.0","https://github.com/Fyrd/caniuse"
"cardinal@1.0.0","MIT","https://github.com/thlorenz/cardinal"
"caseless@0.11.0","Apache-2.0","https://github.com/mikeal/caseless"
"caseless@0.12.0","Apache-2.0","https://github.com/mikeal/caseless"
"center-align@0.1.3","MIT","https://github.com/jonschlinkert/center-align"
"chain-function@1.0.0","MIT","https://github.com/jquense/chain-function"
"chalk@1.1.3","MIT","https://github.com/chalk/chalk"
"chalk@2.3.0","MIT","https://github.com/chalk/chalk"
"cheerio@0.22.0","MIT","https://github.com/cheeriojs/cheerio"
"chokidar@1.7.0","MIT","https://github.com/paulmillr/chokidar"
"ci-info@1.1.2","MIT","https://github.com/watson/ci-info"
"cipher-base@1.0.4","MIT","https://github.com/crypto-browserify/cipher-base"
"circular-json@0.3.3","MIT","https://github.com/WebReflection/circular-json"
"clap@1.2.3","MIT","https://github.com/lahmatiy/clap"
"classnames@2.2.5","MIT","https://github.com/JedWatson/classnames"
"clean-css@4.1.9","MIT","https://github.com/jakubpawlowicz/clean-css"
"cli-cursor@1.0.2","MIT","https://github.com/sindresorhus/cli-cursor"
"cli-table@0.3.1","MIT*","https://github.com/Automattic/cli-table"
"cli-usage@0.1.7","MIT",""
"cli-width@2.2.0","ISC","https://github.com/knownasilya/cli-width"
"cliui@2.1.0","ISC","https://github.com/bcoe/cliui"
"cliui@3.2.0","ISC","https://github.com/yargs/cliui"
"clone@1.0.3","MIT","https://github.com/pvorb/node-clone"
"co@4.6.0","MIT","https://github.com/tj/co"
"coa@1.0.4","MIT","https://github.com/veged/coa"
"code-point-at@1.1.0","MIT","https://github.com/sindresorhus/code-point-at"
"color-convert@1.9.1","MIT","https://github.com/Qix-/color-convert"
"color-name@1.1.3","MIT","https://github.com/dfcreative/color-name"
"color-string@0.3.0","MIT","https://github.com/harthur/color-string"
"color@0.11.4","MIT","https://github.com/Qix-/color"
"colormin@1.1.2","MIT","https://github.com/ben-eb/colormin"
"colors@1.0.3","MIT","https://github.com/Marak/colors.js"
"colors@1.1.2","MIT","https://github.com/Marak/colors.js"
"combined-stream@1.0.5","MIT","https://github.com/felixge/node-combined-stream"
"commander@2.12.2","MIT","https://github.com/tj/commander.js"
"commondir@1.0.1","MIT","https://github.com/substack/node-commondir"
"compressible@2.0.12","MIT","https://github.com/jshttp/compressible"
"compression@1.7.1","MIT","https://github.com/expressjs/compression"
"concat-map@0.0.1","MIT","https://github.com/substack/node-concat-map"
"concat-stream@1.6.0","MIT","https://github.com/maxogden/concat-stream"
"connect-history-api-fallback@1.5.0","MIT","https://github.com/bripkens/connect-history-api-fallback"
"console-browserify@1.1.0","MIT","https://github.com/Raynos/console-browserify"
"console-control-strings@1.1.0","ISC","https://github.com/iarna/console-control-strings"
"constants-browserify@1.0.0","MIT","https://github.com/juliangruber/constants-browserify"
"contains-path@0.1.0","MIT","https://github.com/jonschlinkert/contains-path"
"content-disposition@0.5.2","MIT","https://github.com/jshttp/content-disposition"
"content-type-parser@1.0.2","MIT","https://github.com/jsdom/content-type-parser"
"content-type@1.0.4","MIT","https://github.com/jshttp/content-type"
"convert-source-map@1.5.1","MIT","https://github.com/thlorenz/convert-source-map"
"cookie-signature@1.0.6","MIT","https://github.com/visionmedia/node-cookie-signature"
"cookie@0.3.1","MIT","https://github.com/jshttp/cookie"
"core-js@1.2.7","MIT","https://github.com/zloirock/core-js"
"core-js@2.5.3","MIT","https://github.com/zloirock/core-js"
"core-js@2.5.7","MIT","https://github.com/zloirock/core-js"
"core-util-is@1.0.2","MIT","https://github.com/isaacs/core-util-is"
"create-ecdh@4.0.0","MIT","https://github.com/crypto-browserify/createECDH"
"create-hash@1.1.3","MIT","https://github.com/crypto-browserify/createHash"
"create-hmac@1.1.6","MIT","https://github.com/crypto-browserify/createHmac"
"create-react-class@15.6.2","MIT","https://github.com/facebook/react"
"create-react-context@0.2.3","MIT*","https://github.com/thejameskyle/create-react-context"
"cross-spawn@3.0.1","MIT","https://github.com/IndigoUnited/node-cross-spawn"
"cryptiles@2.0.5","BSD-3-Clause","https://github.com/hapijs/cryptiles"
"cryptiles@3.1.2","BSD-3-Clause","https://github.com/hapijs/cryptiles"
"crypto-browserify@3.12.0","MIT","https://github.com/crypto-browserify/crypto-browserify"
"crypto-browserify@3.3.0","MIT","https://github.com/dominictarr/crypto-browserify"
"css-color-names@0.0.4","MIT","https://github.com/bahamas10/css-color-names"
"css-loader@0.23.1","MIT","https://github.com/webpack/css-loader"
"css-select@1.2.0","BSD*","https://github.com/fb55/css-select"
"css-selector-tokenizer@0.5.4","MIT","https://github.com/css-modules/css-selector-tokenizer"
"css-selector-tokenizer@0.7.0","MIT","https://github.com/css-modules/css-selector-tokenizer"
"css-what@2.1.0","BSD*","https://github.com/fb55/css-what"
"cssesc@0.1.0","MIT","https://github.com/mathiasbynens/cssesc"
"cssnano@3.10.0","MIT","https://github.com/ben-eb/cssnano"
"csso@2.3.2","MIT","https://github.com/css/csso"
"cssom@0.3.2","MIT","https://github.com/NV/CSSOM"
"cssstyle@0.2.37","MIT","https://github.com/chad3814/CSSStyleDeclaration"
"currently-unhandled@0.4.1","MIT","https://github.com/jamestalmage/currently-unhandled"
"d@1.0.0","MIT","https://github.com/medikoo/d"
"damerau-levenshtein@1.0.4","BSD-2-Clause","https://github.com/lzrski/node-damerau-levenshtein"
"dashdash@1.14.1","MIT","https://github.com/trentm/node-dashdash"
"date-now@0.1.4","MIT","https://github.com/Colingo/date-now"
"debug@2.2.0","MIT","https://github.com/visionmedia/debug"
"debug@2.6.8","MIT","https://github.com/visionmedia/debug"
"debug@2.6.9","MIT","https://github.com/visionmedia/debug"
"debug@3.1.0","MIT","https://github.com/visionmedia/debug"
"decamelize@1.2.0","MIT","https://github.com/sindresorhus/decamelize"
"deep-extend@0.4.2","MIT","https://github.com/unclechu/node-deep-extend"
"deep-freeze@0.0.1","Public Domain","https://github.com/substack/deep-freeze"
"deep-is@0.1.3","MIT","https://github.com/thlorenz/deep-is"
"default-require-extensions@1.0.0","MIT","https://github.com/jamestalmage/default-require-extensions"
"define-properties@1.1.2","MIT","https://github.com/ljharb/define-properties"
"defined@1.0.0","MIT","https://github.com/substack/defined"
"del@2.2.2","MIT","https://github.com/sindresorhus/del"
"delayed-stream@1.0.0","MIT","https://github.com/felixge/node-delayed-stream"
"delegates@1.0.0","MIT","https://github.com/visionmedia/node-delegates"
"depd@1.1.1","MIT","https://github.com/dougwilson/nodejs-depd"
"depd@1.1.2","MIT","https://github.com/dougwilson/nodejs-depd"
"des.js@1.0.0","MIT","https://github.com/indutny/des.js"
"destroy@1.0.4","MIT","https://github.com/stream-utils/destroy"
"detect-indent@4.0.0","MIT","https://github.com/sindresorhus/detect-indent"
"detect-libc@1.0.2","Apache-2.0","https://github.com/lovell/detect-libc"
"diff@3.4.0","BSD-3-Clause","https://github.com/kpdecker/jsdiff"
"diffie-hellman@5.0.2","MIT","https://github.com/crypto-browserify/diffie-hellman"
"doctrine@1.3.0","BSD","https://github.com/eslint/doctrine"
"doctrine@1.5.0","BSD","https://github.com/eslint/doctrine"
"doctrine@2.1.0","Apache-2.0","https://github.com/eslint/doctrine"
"dom-converter@0.1.4","MIT","https://github.com/AriaMinaei/dom-converter"
"dom-helpers@2.4.0","MIT","https://github.com/jquense/dom-helpers"
"dom-helpers@3.3.1","MIT","https://github.com/jquense/dom-helpers"
"dom-serializer@0.1.0","MIT","https://github.com/cheeriojs/dom-renderer"
"dom-walk@0.1.1","MIT","https://github.com/Raynos/dom-walk"
"domain-browser@1.1.7","MIT","https://github.com/bevry/domain-browser"
"domelementtype@1.1.3","BSD*","https://github.com/FB55/domelementtype"
"domelementtype@1.3.0","BSD*","https://github.com/FB55/domelementtype"
"domhandler@2.1.0","BSD*","https://github.com/fb55/domhandler"
"domhandler@2.4.1","BSD-2-Clause","https://github.com/fb55/DomHandler"
"domutils@1.1.6","BSD*","https://github.com/FB55/domutils"
"domutils@1.5.1","BSD*","https://github.com/FB55/domutils"
"dropzone@4.3.0","MIT","https://github.com/enyo/dropzone"
"duplexer@0.1.1","MIT","https://github.com/Raynos/duplexer"
"ecc-jsbn@0.1.1","MIT","https://github.com/quartzjer/ecc-jsbn"
"ee-first@1.1.1","MIT","https://github.com/jonathanong/ee-first"
"ejs@2.5.7","Apache-2.0","https://github.com/mde/ejs"
"electron-releases@2.1.0","MIT","https://github.com/electron/electron-releases"
"electron-to-chromium@1.3.30","ISC","https://github.com/kilian/electron-to-chromium"
"element-class@0.2.2","ISC","https://github.com/maxogden/element-class"
"elliptic@6.4.0","MIT","https://github.com/indutny/elliptic"
"emojis-list@2.1.0","MIT","https://github.com/kikobeats/emojis-list"
"encodeurl@1.0.1","MIT","https://github.com/pillarjs/encodeurl"
"encoding@0.1.12","MIT","https://github.com/andris9/encoding"
"enhanced-resolve@0.9.1","MIT","https://github.com/webpack/enhanced-resolve"
"entities@1.1.1","BSD*","https://github.com/fb55/node-entities"
"enzyme@2.9.1","MIT","https://github.com/airbnb/enzyme"
"errno@0.1.6","MIT","https://github.com/rvagg/node-errno"
"error-ex@1.3.1","MIT","https://github.com/qix-/node-error-ex"
"error-stack-parser@1.3.6","Unlicense","https://github.com/stacktracejs/error-stack-parser"
"es-abstract@1.10.0","MIT","https://github.com/ljharb/es-abstract"
"es-to-primitive@1.1.1","MIT","https://github.com/ljharb/es-to-primitive"
"es5-ext@0.10.37","MIT","https://github.com/medikoo/es5-ext"
"es6-iterator@2.0.3","MIT","https://github.com/medikoo/es6-iterator"
"es6-map@0.1.5","MIT","https://github.com/medikoo/es6-map"
"es6-promise@3.3.1","MIT","https://github.com/stefanpenner/es6-promise"
"es6-set@0.1.5","MIT","https://github.com/medikoo/es6-set"
"es6-symbol@3.1.1","MIT","https://github.com/medikoo/es6-symbol"
"es6-weak-map@2.0.2","MIT","https://github.com/medikoo/es6-weak-map"
"escape-html@1.0.3","MIT","https://github.com/component/escape-html"
"escape-string-regexp@1.0.5","MIT","https://github.com/sindresorhus/escape-string-regexp"
"escodegen@1.9.0","BSD-2-Clause","https://github.com/estools/escodegen"
"escope@3.6.0","BSD-2-Clause","https://github.com/estools/escope"
"eslint-config-airbnb-base@7.2.0","MIT","https://github.com/airbnb/javascript"
"eslint-config-airbnb@11.2.0","MIT","https://github.com/airbnb/javascript"
"eslint-import-resolver-node@0.2.3","MIT","https://github.com/benmosher/eslint-plugin-import"
"eslint-import-resolver-webpack@0.5.1","MIT","https://github.com/benmosher/eslint-plugin-import"
"eslint-plugin-import@1.16.0","MIT","https://github.com/benmosher/eslint-plugin-import"
"eslint-plugin-jsx-a11y@2.2.3","MIT","https://github.com/evcohen/eslint-plugin-jsx-a11y"
"eslint-plugin-react@6.10.3","MIT","https://github.com/yannickcr/eslint-plugin-react"
"eslint@3.19.0","MIT","https://github.com/eslint/eslint"
"espree@3.5.2","BSD-2-Clause","https://github.com/eslint/espree"
"esprima@2.7.3","BSD-2-Clause","https://github.com/jquery/esprima"
"esprima@3.0.0","BSD-2-Clause","https://github.com/jquery/esprima"
"esprima@3.1.3","BSD-2-Clause","https://github.com/jquery/esprima"
"esquery@1.0.0","BSD*","https://github.com/jrfeenst/esquery"
"esrecurse@4.2.0","BSD-2-Clause","https://github.com/estools/esrecurse"
"estraverse@4.2.0","BSD-2-Clause","https://github.com/estools/estraverse"
"esutils@2.0.2","BSD","https://github.com/estools/esutils"
"etag@1.7.0","MIT","https://github.com/jshttp/etag"
"etag@1.8.1","MIT","https://github.com/jshttp/etag"
"event-emitter@0.3.5","MIT","https://github.com/medikoo/event-emitter"
"eventemitter3@1.2.0","MIT","https://github.com/primus/eventemitter3"
"events@1.1.1","MIT","https://github.com/Gozala/events"
"eventsource@0.1.6","MIT","https://github.com/aslakhellesoy/eventsource-node"
"evp_bytestokey@1.0.3","MIT","https://github.com/crypto-browserify/EVP_BytesToKey"
"exec-sh@0.2.1","MIT","https://github.com/tsertkov/exec-sh"
"exit-hook@1.1.1","MIT","https://github.com/sindresorhus/exit-hook"
"expand-brackets@0.1.5","MIT","https://github.com/jonschlinkert/expand-brackets"
"expand-range@1.8.2","MIT","https://github.com/jonschlinkert/expand-range"
"express@4.14.1","MIT","https://github.com/expressjs/express"
"express@4.16.2","MIT","https://github.com/expressjs/express"
"extend@3.0.1","MIT","https://github.com/justmoon/node-extend"
"extglob@0.3.2","MIT","https://github.com/jonschlinkert/extglob"
"extract-text-webpack-plugin@1.0.1","MIT","https://github.com/webpack/extract-text-webpack-plugin"
"extsprintf@1.0.2","MIT*","https://github.com/davepacheco/node-extsprintf"
"extsprintf@1.3.0","MIT","https://github.com/davepacheco/node-extsprintf"
"fast-deep-equal@1.0.0","MIT","https://github.com/epoberezkin/fast-deep-equal"
"fast-json-stable-stringify@2.0.0","MIT","https://github.com/epoberezkin/fast-json-stable-stringify"
"fast-levenshtein@2.0.6","MIT","https://github.com/hiddentao/fast-levenshtein"
"fastparse@1.1.1","MIT","https://github.com/webpack/fastparse"
"faye-websocket@0.10.0","MIT","https://github.com/faye/faye-websocket-node"
"faye-websocket@0.11.1","MIT","https://github.com/faye/faye-websocket-node"
"fb-watchman@1.9.2","Apache-2.0","https://github.com/facebook/watchman"
"fbjs@0.2.1","BSD-3-Clause","https://github.com/facebook/fbjs"
"fbjs@0.8.16","MIT","https://github.com/facebook/fbjs"
"figures@1.7.0","MIT","https://github.com/sindresorhus/figures"
"file-entry-cache@2.0.0","MIT","https://github.com/royriojas/file-entry-cache"
"filename-regex@2.0.1","MIT","https://github.com/regexhq/filename-regex"
"fileset@2.0.3","MIT","https://github.com/mklabs/node-fileset"
"filesize@3.5.11","BSD-3-Clause","https://github.com/avoidwork/filesize.js"
"fill-range@2.2.3","MIT","https://github.com/jonschlinkert/fill-range"
"finalhandler@0.5.1","MIT","https://github.com/pillarjs/finalhandler"
"finalhandler@1.1.0","MIT","https://github.com/pillarjs/finalhandler"
"find-cache-dir@0.1.1","MIT","https://github.com/jamestalmage/find-cache-dir"
"find-root@0.1.2","MIT","https://github.com/agilemd/find-root"
"find-up@1.1.2","MIT","https://github.com/sindresorhus/find-up"
"flat-cache@1.3.0","MIT","https://github.com/royriojas/flat-cache"
"flatten@1.0.2","MIT","https://github.com/jesusabdullah/node-flatten"
"for-in@1.0.2","MIT","https://github.com/jonschlinkert/for-in"
"for-own@0.1.5","MIT","https://github.com/jonschlinkert/for-own"
"foreach@2.0.5","MIT","https://github.com/manuelstofer/foreach"
"forever-agent@0.6.1","Apache-2.0","https://github.com/mikeal/forever-agent"
"form-data@2.1.4","MIT","https://github.com/form-data/form-data"
"form-data@2.3.1","MIT","https://github.com/form-data/form-data"
"forwarded@0.1.2","MIT","https://github.com/jshttp/forwarded"
"fresh@0.3.0","MIT","https://github.com/jshttp/fresh"
"fresh@0.5.2","MIT","https://github.com/jshttp/fresh"
"fs.realpath@1.0.0","ISC","https://github.com/isaacs/fs.realpath"
"fsevents@1.1.3","MIT","https://github.com/strongloop/fsevents"
"fstream-ignore@1.0.5","ISC","https://github.com/isaacs/fstream-ignore"
"fstream@1.0.11","ISC","https://github.com/npm/fstream"
"function-bind@1.1.1","MIT","https://github.com/Raynos/function-bind"
"function.prototype.name@1.1.0","MIT","https://github.com/ljharb/function.prototype.name"
"gauge@2.7.4","ISC","https://github.com/iarna/gauge"
"gaze@1.1.2","MIT","https://github.com/shama/gaze"
"generate-function@2.0.0","MIT","https://github.com/mafintosh/generate-function"
"generate-object-property@1.2.0","MIT","https://github.com/mafintosh/generate-object-property"
"get-caller-file@1.0.2","ISC","https://github.com/stefanpenner/get-caller-file"
"get-stdin@4.0.1","MIT","https://github.com/sindresorhus/get-stdin"
"getpass@0.1.7","MIT","https://github.com/arekinath/node-getpass"
"glob-base@0.3.0","MIT","https://github.com/jonschlinkert/glob-base"
"glob-parent@2.0.0","ISC","https://github.com/es128/glob-parent"
"glob@6.0.4","ISC","https://github.com/isaacs/node-glob"
"glob@7.1.2","ISC","https://github.com/isaacs/node-glob"
"global@4.3.2","MIT","https://github.com/Raynos/global"
"globals@9.18.0","MIT","https://github.com/sindresorhus/globals"
"globby@5.0.0","MIT","https://github.com/sindresorhus/globby"
"globule@1.2.0","MIT","https://github.com/cowboy/node-globule"
"graceful-fs@4.1.11","ISC","https://github.com/isaacs/node-graceful-fs"
"growly@1.3.0","MIT","https://github.com/theabraham/growly"
"gud@1.0.0","MIT","https://github.com/jamiebuilds/global-unique-id"
"gzip-size@3.0.0","MIT","https://github.com/sindresorhus/gzip-size"
"handlebars@4.0.11","MIT","https://github.com/wycats/handlebars.js"
"har-schema@1.0.5","ISC","https://github.com/ahmadnassri/har-schema"
"har-schema@2.0.0","ISC","https://github.com/ahmadnassri/har-schema"
"har-validator@2.0.6","ISC","https://github.com/ahmadnassri/har-validator"
"har-validator@4.2.1","ISC","https://github.com/ahmadnassri/har-validator"
"har-validator@5.0.3","ISC","https://github.com/ahmadnassri/har-validator"
"has-ansi@2.0.0","MIT","https://github.com/sindresorhus/has-ansi"
"has-flag@1.0.0","MIT","https://github.com/sindresorhus/has-flag"
"has-flag@2.0.0","MIT","https://github.com/sindresorhus/has-flag"
"has-symbols@1.0.0","MIT","https://github.com/ljharb/has-symbols"
"has-unicode@2.0.1","ISC","https://github.com/iarna/has-unicode"
"has@1.0.1","MIT","https://github.com/tarruda/has"
"hash-base@2.0.2","MIT","https://github.com/crypto-browserify/hash-base"
"hash-base@3.0.4","MIT","https://github.com/crypto-browserify/hash-base"
"hash.js@1.1.3","MIT","https://github.com/indutny/hash.js"
"hawk@3.1.3","BSD-3-Clause","https://github.com/hueniverse/hawk"
"hawk@6.0.2","BSD-3-Clause","https://github.com/hueniverse/hawk"
"he@1.1.1","MIT","https://github.com/mathiasbynens/he"
"hmac-drbg@1.0.1","MIT","https://github.com/indutny/hmac-drbg"
"hoek@2.16.3","BSD-3-Clause","https://github.com/hapijs/hoek"
"hoek@4.2.0","BSD-3-Clause","https://github.com/hapijs/hoek"
"hoist-non-react-statics@2.3.1","BSD-3-Clause","https://github.com/mridgway/hoist-non-react-statics"
"home-or-tmp@2.0.0","MIT","https://github.com/sindresorhus/home-or-tmp"
"hosted-git-info@2.5.0","ISC","https://github.com/npm/hosted-git-info"
"html-comment-regex@1.1.1","MIT","https://github.com/stevemao/html-comment-regex"
"html-encoding-sniffer@1.0.2","MIT","https://github.com/jsdom/html-encoding-sniffer"
"html-entities@1.2.1","MIT","https://github.com/mdevils/node-html-entities"
"html-minifier@3.5.8","MIT","https://github.com/kangax/html-minifier"
"html-webpack-plugin@2.30.1","MIT","https://github.com/jantimon/html-webpack-plugin"
"htmlparser2@3.3.0","MIT","https://github.com/fb55/htmlparser2"
"htmlparser2@3.9.2","MIT","https://github.com/fb55/htmlparser2"
"http-errors@1.5.1","MIT","https://github.com/jshttp/http-errors"
"http-errors@1.6.2","MIT","https://github.com/jshttp/http-errors"
"http-parser-js@0.4.9","MIT","https://github.com/creationix/http-parser-js"
"http-proxy-middleware@0.17.4","MIT","https://github.com/chimurai/http-proxy-middleware"
"http-proxy@1.16.2","MIT","https://github.com/nodejitsu/node-http-proxy"
"http-signature@1.1.1","MIT","https://github.com/joyent/node-http-signature"
"http-signature@1.2.0","MIT","https://github.com/joyent/node-http-signature"
"https-browserify@0.0.1","MIT","https://github.com/substack/https-browserify"
"iconv-lite@0.4.19","MIT","https://github.com/ashtuchkin/iconv-lite"
"icss-replace-symbols@1.1.0","ISC","https://github.com/css-modules/icss-replace-symbols"
"ieee754@1.1.8","BSD-3-Clause","https://github.com/feross/ieee754"
"ignore@3.3.7","MIT","https://github.com/kaelzhang/node-ignore"
"immutability-helper@2.6.4","MIT","https://github.com/kolodny/immutability-helper"
"imurmurhash@0.1.4","MIT","https://github.com/jensyt/imurmurhash-js"
"in-publish@2.0.0","ISC","https://github.com/iarna/in-publish"
"indent-string@2.1.0","MIT","https://github.com/sindresorhus/indent-string"
"indexes-of@1.0.1","MIT","https://github.com/dominictarr/indexes-of"
"indexof@0.0.1","MIT*",""
"inflight@1.0.6","ISC","https://github.com/npm/inflight"
"inherits@2.0.1","ISC","https://github.com/isaacs/inherits"
"inherits@2.0.3","ISC","https://github.com/isaacs/inherits"
"ini@1.3.4","ISC","https://github.com/isaacs/ini"
"inquirer@0.12.0","MIT","https://github.com/SBoudrias/Inquirer.js"
"interpret@0.6.6","MIT","https://github.com/tkellen/node-interpret"
"interpret@1.1.0","MIT","https://github.com/tkellen/node-interpret"
"invariant@2.2.2","BSD-3-Clause","https://github.com/zertosh/invariant"
"invert-kv@1.0.0","MIT","https://github.com/sindresorhus/invert-kv"
"ipaddr.js@1.4.0","MIT","https://github.com/whitequark/ipaddr.js"
"ipaddr.js@1.5.2","MIT","https://github.com/whitequark/ipaddr.js"
"is-absolute-url@2.1.0","MIT","https://github.com/sindresorhus/is-absolute-url"
"is-absolute@0.2.6","MIT","https://github.com/jonschlinkert/is-absolute"
"is-arrayish@0.2.1","MIT","https://github.com/qix-/node-is-arrayish"
"is-binary-path@1.0.1","MIT","https://github.com/sindresorhus/is-binary-path"
"is-buffer@1.1.6","MIT","https://github.com/feross/is-buffer"
"is-builtin-module@1.0.0","MIT","https://github.com/sindresorhus/is-builtin-module"
"is-callable@1.1.3","MIT","https://github.com/ljharb/is-callable"
"is-ci@1.1.0","MIT","https://github.com/watson/is-ci"
"is-date-object@1.0.1","MIT","https://github.com/ljharb/is-date-object"
"is-dotfile@1.0.3","MIT","https://github.com/jonschlinkert/is-dotfile"
"is-equal-shallow@0.1.3","MIT","https://github.com/jonschlinkert/is-equal-shallow"
"is-extendable@0.1.1","MIT","https://github.com/jonschlinkert/is-extendable"
"is-extglob@1.0.0","MIT","https://github.com/jonschlinkert/is-extglob"
"is-extglob@2.1.1","MIT","https://github.com/jonschlinkert/is-extglob"
"is-finite@1.0.2","MIT","https://github.com/sindresorhus/is-finite"
"is-fullwidth-code-point@1.0.0","MIT","https://github.com/sindresorhus/is-fullwidth-code-point"
"is-fullwidth-code-point@2.0.0","MIT","https://github.com/sindresorhus/is-fullwidth-code-point"
"is-glob@2.0.1","MIT","https://github.com/jonschlinkert/is-glob"
"is-glob@3.1.0","MIT","https://github.com/jonschlinkert/is-glob"
"is-my-json-valid@2.17.1","MIT","https://github.com/mafintosh/is-my-json-valid"
"is-number@2.1.0","MIT","https://github.com/jonschlinkert/is-number"
"is-number@3.0.0","MIT","https://github.com/jonschlinkert/is-number"
"is-path-cwd@1.0.0","MIT","https://github.com/sindresorhus/is-path-cwd"
"is-path-in-cwd@1.0.0","MIT","https://github.com/sindresorhus/is-path-in-cwd"
"is-path-inside@1.0.1","MIT","https://github.com/sindresorhus/is-path-inside"
"is-plain-obj@1.1.0","MIT","https://github.com/sindresorhus/is-plain-obj"
"is-posix-bracket@0.1.1","MIT","https://github.com/jonschlinkert/is-posix-bracket"
"is-primitive@2.0.0","MIT","https://github.com/jonschlinkert/is-primitive"
"is-property@1.0.2","MIT","https://github.com/mikolalysenko/is-property"
"is-regex@1.0.4","MIT","https://github.com/ljharb/is-regex"
"is-relative@0.2.1","MIT","https://github.com/jonschlinkert/is-relative"
"is-resolvable@1.0.1","MIT","https://github.com/shinnn/is-resolvable"
"is-stream@1.1.0","MIT","https://github.com/sindresorhus/is-stream"
"is-subset@0.1.1","MIT","https://github.com/studio-b12/is-subset"
"is-svg@2.1.0","MIT","https://github.com/sindresorhus/is-svg"
"is-symbol@1.0.1","MIT","https://github.com/ljharb/is-symbol"
"is-typedarray@1.0.0","MIT","https://github.com/hughsk/is-typedarray"
"is-unc-path@0.1.2","MIT","https://github.com/jonschlinkert/is-unc-path"
"is-utf8@0.2.1","MIT","https://github.com/wayfind/is-utf8"
"is-windows@0.2.0","MIT","https://github.com/jonschlinkert/is-windows"
"isarray@0.0.1","MIT","https://github.com/juliangruber/isarray"
"isarray@1.0.0","MIT","https://github.com/juliangruber/isarray"
"isexe@2.0.0","ISC","https://github.com/isaacs/isexe"
"isobject@2.1.0","MIT","https://github.com/jonschlinkert/isobject"
"isomorphic-fetch@2.2.1","MIT","https://github.com/matthew-andrews/isomorphic-fetch"
"isstream@0.1.2","MIT","https://github.com/rvagg/isstream"
"istanbul-api@1.2.1","BSD-3-Clause","https://github.com/istanbuljs/istanbuljs"
"istanbul-lib-coverage@1.1.1","BSD-3-Clause","https://github.com/istanbuljs/istanbuljs"
"istanbul-lib-hook@1.1.0","BSD-3-Clause","https://github.com/istanbuljs/istanbuljs"
"istanbul-lib-instrument@1.9.1","BSD-3-Clause","https://github.com/istanbuljs/istanbuljs"
"istanbul-lib-report@1.1.2","BSD-3-Clause","https://github.com/istanbuljs/istanbuljs"
"istanbul-lib-source-maps@1.2.2","BSD-3-Clause","https://github.com/istanbuljs/istanbuljs"
"istanbul-reports@1.1.3","BSD-3-Clause","https://github.com/istanbuljs/istanbuljs"
"jest-changed-files@17.0.2","BSD-3-Clause","https://github.com/facebook/jest"
"jest-cli@18.1.0","BSD-3-Clause","https://github.com/facebook/jest"
"jest-config@18.1.0","BSD-3-Clause","https://github.com/facebook/jest"
"jest-diff@18.1.0","BSD-3-Clause","https://github.com/facebook/jest"
"jest-environment-jsdom@18.1.0","BSD-3-Clause","https://github.com/facebook/jest"
"jest-environment-node@18.1.0","BSD-3-Clause","https://github.com/facebook/jest"
"jest-file-exists@17.0.0","BSD-3-Clause","https://github.com/facebook/jest"
"jest-haste-map@18.1.0","BSD-3-Clause","https://github.com/facebook/jest"
"jest-jasmine2@18.1.0","BSD-3-Clause","https://github.com/facebook/jest"
"jest-matcher-utils@18.1.0","BSD-3-Clause","https://github.com/facebook/jest"
"jest-matchers@18.1.0","BSD-3-Clause","https://github.com/facebook/jest"
"jest-mock@18.0.0","BSD-3-Clause","https://github.com/facebook/jest"
"jest-resolve-dependencies@18.1.0","BSD-3-Clause","https://github.com/facebook/jest"
"jest-resolve@18.1.0","BSD-3-Clause","https://github.com/facebook/jest"
"jest-runtime@18.1.0","BSD-3-Clause","https://github.com/facebook/jest"
"jest-snapshot@18.1.0","BSD-3-Clause","https://github.com/facebook/jest"
"jest-util@18.1.0","BSD-3-Clause","https://github.com/facebook/jest"
"jest@18.1.0","BSD-3-Clause","https://github.com/facebook/jest"
"jodid25519@1.0.2","MIT","https://github.com/meganz/jodid25519"
"js-base64@2.4.0","BSD-3-Clause","https://github.com/dankogai/js-base64"
"js-tokens@3.0.2","MIT","https://github.com/lydell/js-tokens"
"js-yaml@3.7.0","MIT","https://github.com/nodeca/js-yaml"
"jsbn@0.1.1","MIT","https://github.com/andyperlitch/jsbn"
"jsdom@9.12.0","MIT","https://github.com/tmpvar/jsdom"
"jsesc@0.5.0","MIT","https://github.com/mathiasbynens/jsesc"
"jsesc@1.3.0","MIT","https://github.com/mathiasbynens/jsesc"
"json-schema-traverse@0.3.1","MIT","https://github.com/epoberezkin/json-schema-traverse"
"json-schema@0.2.3","AFLv2.1,BSD","https://github.com/kriszyp/json-schema"
"json-stable-stringify@1.0.1","MIT","https://github.com/substack/json-stable-stringify"
"json-stringify-safe@5.0.1","ISC","https://github.com/isaacs/json-stringify-safe"
"json3@3.3.2","MIT","https://github.com/bestiejs/json3"
"json5@0.5.1","MIT","https://github.com/aseemk/json5"
"jsonify@0.0.0","Public Domain","https://github.com/substack/jsonify"
"jsonpointer@4.0.1","MIT","https://github.com/janl/node-jsonpointer"
"jsprim@1.4.0","MIT","https://github.com/joyent/node-jsprim"
"jsprim@1.4.1","MIT","https://github.com/joyent/node-jsprim"
"jsx-ast-utils@1.4.1","MIT","https://github.com/evcohen/jsx-ast-utils"
"keycode@2.2.0","MIT","https://github.com/timoxley/keycode"
"kind-of@3.2.2","MIT","https://github.com/jonschlinkert/kind-of"
"kind-of@4.0.0","MIT","https://github.com/jonschlinkert/kind-of"
"lazy-cache@1.0.4","MIT","https://github.com/jonschlinkert/lazy-cache"
"lcid@1.0.0","MIT","https://github.com/sindresorhus/lcid"
"levn@0.3.0","MIT","https://github.com/gkz/levn"
"load-json-file@1.1.0","MIT","https://github.com/sindresorhus/load-json-file"
"loader-utils@0.2.17","MIT","https://github.com/webpack/loader-utils"
"loader-utils@1.1.0","MIT","https://github.com/webpack/loader-utils"
"lodash-es@4.17.4","MIT","https://github.com/lodash/lodash"
"lodash._arraycopy@3.0.0","MIT","https://github.com/lodash/lodash"
"lodash._arrayeach@3.0.0","MIT","https://github.com/lodash/lodash"
"lodash._baseassign@3.2.0","MIT","https://github.com/lodash/lodash"
"lodash._baseclone@3.3.0","MIT","https://github.com/lodash/lodash"
"lodash._basecopy@3.0.1","MIT","https://github.com/lodash/lodash"
"lodash._basefor@3.0.3","MIT","https://github.com/lodash/lodash"
"lodash._baseget@3.7.2","MIT","https://github.com/lodash/lodash"
"lodash._bindcallback@3.0.1","MIT","https://github.com/lodash/lodash"
"lodash._createcompounder@3.0.0","MIT","https://github.com/lodash/lodash"
"lodash._getnative@3.9.1","MIT","https://github.com/lodash/lodash"
"lodash._root@3.0.1","MIT","https://github.com/lodash/lodash"
"lodash._topath@3.8.1","MIT","https://github.com/lodash/lodash"
"lodash.assign@4.2.0","MIT","https://github.com/lodash/lodash"
"lodash.assignin@4.2.0","MIT","https://github.com/lodash/lodash"
"lodash.bind@4.2.1","MIT","https://github.com/lodash/lodash"
"lodash.camelcase@3.0.1","MIT","https://github.com/lodash/lodash"
"lodash.clonedeep@3.0.2","MIT","https://github.com/lodash/lodash"
"lodash.clonedeep@4.5.0","MIT","https://github.com/lodash/lodash"
"lodash.cond@4.5.2","MIT","https://github.com/lodash/lodash"
"lodash.deburr@3.2.0","MIT","https://github.com/lodash/lodash"
"lodash.defaults@4.2.0","MIT","https://github.com/lodash/lodash"
"lodash.endswith@4.2.1","MIT","https://github.com/lodash/lodash"
"lodash.filter@4.6.0","MIT","https://github.com/lodash/lodash"
"lodash.find@4.6.0","MIT","https://github.com/lodash/lodash"
"lodash.findindex@4.6.0","MIT","https://github.com/lodash/lodash"
"lodash.flatten@4.4.0","MIT","https://github.com/lodash/lodash"
"lodash.foreach@4.5.0","MIT","https://github.com/lodash/lodash"
"lodash.get@3.7.0","MIT","https://github.com/lodash/lodash"
"lodash.isarguments@3.1.0","MIT","https://github.com/lodash/lodash"
"lodash.isarray@3.0.4","MIT","https://github.com/lodash/lodash"
"lodash.keys@3.1.2","MIT","https://github.com/lodash/lodash"
"lodash.map@4.6.0","MIT","https://github.com/lodash/lodash"
"lodash.memoize@4.1.2","MIT","https://github.com/lodash/lodash"
"lodash.merge@4.6.0","MIT","https://github.com/lodash/lodash"
"lodash.mergewith@4.6.0","MIT","https://github.com/lodash/lodash"
"lodash.pick@4.4.0","MIT","https://github.com/lodash/lodash"
"lodash.reduce@4.6.0","MIT","https://github.com/lodash/lodash"
"lodash.reject@4.6.0","MIT","https://github.com/lodash/lodash"
"lodash.some@4.6.0","MIT","https://github.com/lodash/lodash"
"lodash.toarray@4.4.0","MIT","https://github.com/lodash/lodash"
"lodash.uniq@4.5.0","MIT","https://github.com/lodash/lodash"
"lodash.words@3.2.0","MIT","https://github.com/lodash/lodash"
"lodash@4.17.4","MIT","https://github.com/lodash/lodash"
"longest@1.0.1","MIT","https://github.com/jonschlinkert/longest"
"loose-envify@1.3.1","MIT","https://github.com/zertosh/loose-envify"
"loose-envify@1.4.0","MIT","https://github.com/zertosh/loose-envify"
"loud-rejection@1.6.0","MIT","https://github.com/sindresorhus/loud-rejection"
"lower-case@1.1.4","MIT","https://github.com/blakeembrey/lower-case"
"lru-cache@4.1.1","ISC","https://github.com/isaacs/node-lru-cache"
"macaddress@0.2.8","MIT","https://github.com/scravy/node-macaddress"
"makeerror@1.0.11","BSD-3-Clause","https://github.com/daaku/nodejs-makeerror"
"map-obj@1.0.1","MIT","https://github.com/sindresorhus/map-obj"
"marked-terminal@2.0.0","MIT","https://github.com/mikaelbr/marked-terminal"
"marked@0.3.12","MIT","https://github.com/chjj/marked"
"math-expression-evaluator@1.2.17","MIT","https://github.com/redhivesoftware/math-expression-evaluator.git#readme"
"md5.js@1.3.4","MIT","https://github.com/crypto-browserify/md5.js"
"media-typer@0.3.0","MIT","https://github.com/jshttp/media-typer"
"memory-fs@0.2.0","MIT","https://github.com/webpack/memory-fs"
"memory-fs@0.3.0","MIT","https://github.com/webpack/memory-fs"
"memory-fs@0.4.1","MIT","https://github.com/webpack/memory-fs"
"meow@3.7.0","MIT","https://github.com/sindresorhus/meow"
"merge-descriptors@1.0.1","MIT","https://github.com/component/merge-descriptors"
"merge@1.2.0","MIT","https://github.com/yeikos/js.merge"
"methods@1.1.2","MIT","https://github.com/jshttp/methods"
"micromatch@2.3.11","MIT","https://github.com/jonschlinkert/micromatch"
"miller-rabin@4.0.1","MIT","https://github.com/indutny/miller-rabin"
"mime-db@1.27.0","MIT","https://github.com/jshttp/mime-db"
"mime-db@1.30.0","MIT","https://github.com/jshttp/mime-db"
"mime-types@2.1.15","MIT","https://github.com/jshttp/mime-types"
"mime-types@2.1.17","MIT","https://github.com/jshttp/mime-types"
"mime@1.3.4","MIT","https://github.com/broofa/node-mime"
"mime@1.4.1","MIT","https://github.com/broofa/node-mime"
"mime@1.6.0","MIT","https://github.com/broofa/node-mime"
"min-document@2.19.0","MIT","https://github.com/Raynos/min-document"
"minimalistic-assert@1.0.0","ISC","https://github.com/calvinmetcalf/minimalistic-assert"
"minimalistic-crypto-utils@1.0.1","MIT","https://github.com/indutny/minimalistic-crypto-utils"
"minimatch@3.0.4","ISC","https://github.com/isaacs/minimatch"
"minimist@0.0.8","MIT","https://github.com/substack/minimist"
"minimist@1.2.0","MIT","https://github.com/substack/minimist"
"mkdirp@0.5.1","MIT","https://github.com/substack/node-mkdirp"
"moment@2.20.1","MIT","https://github.com/moment/moment"
"ms@0.7.1","MIT*","https://github.com/guille/ms.js"
"ms@0.7.2","MIT","https://github.com/zeit/ms"
"ms@2.0.0","MIT","https://github.com/zeit/ms"
"mute-stream@0.0.5","ISC","https://github.com/isaacs/mute-stream"
"nan@2.8.0","MIT","https://github.com/nodejs/nan"
"natural-compare@1.4.0","MIT","https://github.com/litejs/natural-compare-lite"
"ncname@1.0.0","MIT","https://github.com/sindresorhus/ncname"
"negotiator@0.6.1","MIT","https://github.com/jshttp/negotiator"
"no-case@2.3.2","MIT","https://github.com/blakeembrey/no-case"
"node-emoji@1.8.1","MIT","https://github.com/omnidan/node-emoji"
"node-fetch@1.7.3","MIT","https://github.com/bitinn/node-fetch"
"node-gyp@3.6.2","MIT","https://github.com/nodejs/node-gyp"
"node-int64@0.4.0","MIT","https://github.com/broofa/node-int64"
"node-libs-browser@0.7.0","MIT","https://github.com/webpack/node-libs-browser"
"node-libs-browser@1.1.1","MIT","https://github.com/webpack/node-libs-browser"
"node-notifier@4.6.1","MIT","https://github.com/mikaelbr/node-notifier"
"node-pre-gyp@0.6.39","BSD-3-Clause","https://github.com/mapbox/node-pre-gyp"
"node-sass@4.7.2","MIT","https://github.com/sass/node-sass"
"nopt@3.0.6","ISC","https://github.com/npm/nopt"
"nopt@4.0.1","ISC","https://github.com/npm/nopt"
"normalize-package-data@2.4.0","BSD-2-Clause","https://github.com/npm/normalize-package-data"
"normalize-path@2.1.1","MIT","https://github.com/jonschlinkert/normalize-path"
"normalize-range@0.1.2","MIT","https://github.com/jamestalmage/normalize-range"
"normalize-url@1.9.1","MIT","https://github.com/sindresorhus/normalize-url"
"npmlog@4.1.0","ISC","https://github.com/npm/npmlog"
"npmlog@4.1.2","ISC","https://github.com/npm/npmlog"
"nth-check@1.0.1","BSD*","https://github.com/fb55/nth-check"
"num2fraction@1.2.2","MIT","https://github.com/yisibl/num2fraction"
"number-is-nan@1.0.1","MIT","https://github.com/sindresorhus/number-is-nan"
"nwmatcher@1.4.3","MIT","https://github.com/dperini/nwmatcher"
"oauth-sign@0.8.2","Apache-2.0","https://github.com/mikeal/oauth-sign"
"object-assign@3.0.0","MIT","https://github.com/sindresorhus/object-assign"
"object-assign@4.1.1","MIT","https://github.com/sindresorhus/object-assign"
"object-is@1.0.1","MIT","https://github.com/ljharb/object-is"
"object-keys@1.0.11","MIT","https://github.com/ljharb/object-keys"
"object.assign@4.1.0","MIT","https://github.com/ljharb/object.assign"
"object.entries@1.0.4","MIT","https://github.com/es-shims/Object.entries"
"object.omit@2.0.1","MIT","https://github.com/jonschlinkert/object.omit"
"object.values@1.0.4","MIT","https://github.com/es-shims/Object.values"
"on-finished@2.3.0","MIT","https://github.com/jshttp/on-finished"
"on-headers@1.0.1","MIT","https://github.com/jshttp/on-headers"
"once@1.4.0","ISC","https://github.com/isaacs/once"
"onetime@1.1.0","MIT","https://github.com/sindresorhus/onetime"
"open@0.0.5","MIT","https://github.com/pwnall/node-open"
"opener@1.4.3","(WTFPL OR MIT)","https://github.com/domenic/opener"
"optimist@0.6.1","MIT*","https://github.com/substack/node-optimist"
"optionator@0.8.2","MIT","https://github.com/gkz/optionator"
"original@1.0.0","MIT","https://github.com/unshiftio/original"
"os-browserify@0.2.1","MIT","https://github.com/CoderPuppy/os-browserify"
"os-homedir@1.0.2","MIT","https://github.com/sindresorhus/os-homedir"
"os-locale@1.4.0","MIT","https://github.com/sindresorhus/os-locale"
"os-tmpdir@1.0.2","MIT","https://github.com/sindresorhus/os-tmpdir"
"osenv@0.1.4","ISC","https://github.com/npm/osenv"
"pako@0.2.9","MIT","https://github.com/nodeca/pako"
"param-case@2.1.1","MIT","https://github.com/blakeembrey/param-case"
"parse-asn1@5.1.0","ISC","https://github.com/crypto-browserify/parse-asn1"
"parse-glob@3.0.4","MIT","https://github.com/jonschlinkert/parse-glob"
"parse-json@2.2.0","MIT","https://github.com/sindresorhus/parse-json"
"parse5@1.5.1","MIT","https://github.com/inikulin/parse5"
"parseurl@1.3.2","MIT","https://github.com/pillarjs/parseurl"
"path-browserify@0.0.0","MIT","https://github.com/substack/path-browserify"
"path-exists@2.1.0","MIT","https://github.com/sindresorhus/path-exists"
"path-is-absolute@1.0.1","MIT","https://github.com/sindresorhus/path-is-absolute"
"path-is-inside@1.0.2","(WTFPL OR MIT)","https://github.com/domenic/path-is-inside"
"path-parse@1.0.5","MIT","https://github.com/jbgutierrez/path-parse"
"path-to-regexp@0.1.7","MIT","https://github.com/component/path-to-regexp"
"path-type@1.1.0","MIT","https://github.com/sindresorhus/path-type"
"pbkdf2-compat@2.0.1","MIT","https://github.com/dcousens/pbkdf2-compat"
"pbkdf2@3.0.14","MIT","https://github.com/crypto-browserify/pbkdf2"
"performance-now@0.2.0","MIT","https://github.com/meryn/performance-now"
"performance-now@2.1.0","MIT","https://github.com/braveg1rl/performance-now"
"pify@2.3.0","MIT","https://github.com/sindresorhus/pify"
"pinkie-promise@2.0.1","MIT","https://github.com/floatdrop/pinkie-promise"
"pinkie@2.0.4","MIT","https://github.com/floatdrop/pinkie"
"pkg-dir@1.0.0","MIT","https://github.com/sindresorhus/pkg-dir"
"pkg-up@1.0.0","MIT","https://github.com/sindresorhus/pkg-up"
"pluralize@1.2.1","MIT","https://github.com/blakeembrey/pluralize"
"popper.js@1.14.4","MIT","https://github.com/FezVrasta/popper.js"
"postcss-calc@5.3.1","MIT","https://github.com/postcss/postcss-calc"
"postcss-colormin@2.2.2","MIT","https://github.com/ben-eb/postcss-colormin"
"postcss-convert-values@2.6.1","MIT","https://github.com/ben-eb/postcss-convert-values"
"postcss-discard-comments@2.0.4","MIT","https://github.com/ben-eb/postcss-discard-comments"
"postcss-discard-duplicates@2.1.0","MIT","https://github.com/ben-eb/postcss-discard-duplicates"
"postcss-discard-empty@2.1.0","MIT","https://github.com/ben-eb/postcss-discard-empty"
"postcss-discard-overridden@0.1.1","MIT","https://github.com/Justineo/postcss-discard-overridden"
"postcss-discard-unused@2.2.3","MIT","https://github.com/ben-eb/postcss-discard-unused"
"postcss-filter-plugins@2.0.2","MIT","https://github.com/postcss/postcss-filter-plugins"
"postcss-merge-idents@2.1.7","MIT","https://github.com/ben-eb/postcss-merge-idents"
"postcss-merge-longhand@2.0.2","MIT","https://github.com/ben-eb/postcss-merge-longhand"
"postcss-merge-rules@2.1.2","MIT","https://github.com/ben-eb/postcss-merge-rules"
"postcss-message-helpers@2.0.0","MIT","https://github.com/MoOx/postcss-message-helpers"
"postcss-minify-font-values@1.0.5","MIT","https://github.com/TrySound/postcss-minify-font-values"
"postcss-minify-gradients@1.0.5","MIT","https://github.com/ben-eb/postcss-minify-gradients"
"postcss-minify-params@1.2.2","MIT","https://github.com/ben-eb/postcss-minify-params"
"postcss-minify-selectors@2.1.1","MIT","https://github.com/ben-eb/postcss-minify-selectors"
"postcss-modules-extract-imports@1.1.0","ISC","https://github.com/css-modules/postcss-modules-extract-imports"
"postcss-modules-local-by-default@1.2.0","MIT","https://github.com/css-modules/postcss-modules-local-by-default"
"postcss-modules-scope@1.1.0","ISC","https://github.com/css-modules/postcss-modules-scope"
"postcss-modules-values@1.3.0","ISC","https://github.com/css-modules/postcss-modules-values"
"postcss-normalize-charset@1.1.1","MIT","https://github.com/ben-eb/postcss-charset"
"postcss-normalize-url@3.0.8","MIT","https://github.com/ben-eb/postcss-normalize-url"
"postcss-ordered-values@2.2.3","MIT","https://github.com/ben-eb/postcss-ordered-values"
"postcss-reduce-idents@2.4.0","MIT","https://github.com/ben-eb/postcss-reduce-idents"
"postcss-reduce-initial@1.0.1","MIT","https://github.com/ben-eb/postcss-reduce-initial"
"postcss-reduce-transforms@1.0.4","MIT","https://github.com/ben-eb/postcss-reduce-transforms"
"postcss-selector-parser@2.2.3","MIT","https://github.com/postcss/postcss-selector-parser"
"postcss-svgo@2.1.6","MIT","https://github.com/ben-eb/postcss-svgo"
"postcss-unique-selectors@2.0.2","MIT","https://github.com/ben-eb/postcss-unique-selectors"
"postcss-value-parser@3.3.0","MIT","https://github.com/TrySound/postcss-value-parser"
"postcss-zindex@2.2.0","MIT","https://github.com/ben-eb/postcss-zindex"
"postcss@5.2.18","MIT","https://github.com/postcss/postcss"
"postcss@6.0.16","MIT","https://github.com/postcss/postcss"
"prelude-ls@1.1.2","MIT","https://github.com/gkz/prelude-ls"
"prepend-http@1.0.4","MIT","https://github.com/sindresorhus/prepend-http"
"preserve@0.2.0","MIT","https://github.com/jonschlinkert/preserve"
"pretty-error@2.1.1","MIT","https://github.com/AriaMinaei/pretty-error"
"pretty-format@18.1.0","BSD-3-Clause","https://github.com/facebook/jest"
"private@0.1.8","MIT","https://github.com/benjamn/private"
"process-nextick-args@1.0.7","MIT","https://github.com/calvinmetcalf/process-nextick-args"
"process@0.11.10","MIT","https://github.com/shtylman/node-process"
"process@0.5.2","MIT*","https://github.com/shtylman/node-process"
"progress@1.1.8","MIT*","https://github.com/visionmedia/node-progress"
"promise@7.3.1","MIT","https://github.com/then/promise"
"prop-types-extra@1.0.1","MIT","https://github.com/react-bootstrap/react-prop-types"
"prop-types@15.6.0","MIT","https://github.com/reactjs/prop-types"
"prop-types@15.6.2","MIT","https://github.com/facebook/prop-types"
"proxy-addr@1.1.5","MIT","https://github.com/jshttp/proxy-addr"
"proxy-addr@2.0.2","MIT","https://github.com/jshttp/proxy-addr"
"prr@1.0.1","MIT","https://github.com/rvagg/prr"
"pseudomap@1.0.2","ISC","https://github.com/isaacs/pseudomap"
"public-encrypt@4.0.0","MIT","https://github.com/crypto-browserify/publicEncrypt"
"punycode@1.3.2","MIT","https://github.com/bestiejs/punycode.js"
"punycode@1.4.1","MIT","https://github.com/bestiejs/punycode.js"
"q@1.5.1","MIT","https://github.com/kriskowal/q"
"qs@6.2.0","BSD-3-Clause","https://github.com/ljharb/qs"
"qs@6.3.2","BSD-3-Clause","https://github.com/ljharb/qs"
"qs@6.4.0","BSD-3-Clause","https://github.com/ljharb/qs"
"qs@6.5.1","BSD-3-Clause","https://github.com/ljharb/qs"
"query-string@4.3.4","MIT","https://github.com/sindresorhus/query-string"
"querystring-es3@0.2.1","MIT","https://github.com/mike-spainhower/querystring"
"querystring@0.2.0","MIT","https://github.com/Gozala/querystring"
"querystringify@0.0.4","MIT","https://github.com/unshiftio/querystringify"
"querystringify@1.0.0","MIT","https://github.com/unshiftio/querystringify"
"randomatic@1.1.7","MIT","https://github.com/jonschlinkert/randomatic"
"randombytes@2.0.6","MIT","https://github.com/crypto-browserify/randombytes"
"randomfill@1.0.3","MIT","https://github.com/crypto-browserify/randombytes"
"range-parser@1.2.0","MIT","https://github.com/jshttp/range-parser"
"raw-body@2.3.2","MIT","https://github.com/stream-utils/raw-body"
"rc@1.2.1","(BSD-2-Clause OR MIT OR Apache-2.0)","https://github.com/dominictarr/rc"
"react-addons-test-utils@15.6.2","MIT","https://github.com/facebook/react"
"react-autosuggest@9.4.2","MIT","https://github.com/moroshko/react-autosuggest"
"react-autowhatever@10.1.2","MIT","https://github.com/moroshko/react-autowhatever"
"react-bootstrap-modal@3.0.1","MIT","https://github.com/jquense/react-bootstrap-modal"
"react-bootstrap-typeahead@3.2.4","MIT","https://github.com/ericgio/react-bootstrap-typeahead"
"react-bootstrap@0.31.5","MIT","https://github.com/react-bootstrap/react-bootstrap"
"react-confirm-bootstrap@3.1.4","MIT","https://github.com/gregthebusker/react-confirm-bootstrap"
"react-datetime@2.11.1","MIT","https://github.com/YouCanBookMe/react-datetime"
"react-deep-force-update@1.1.1","MIT","https://github.com/gaearon/react-deep-force-update"
"react-dom@15.6.2","MIT","https://github.com/facebook/react"
"react-dropzone-component@1.4.1","MIT","https://github.com/felixrieseberg/React-Dropzone"
"react-dropzone@3.13.4","MIT","https://github.com/okonet/react-dropzone"
"react-epicollect-web-app@1.0.7","MIT",""
"react-lifecycles-compat@3.0.4","MIT","https://github.com/reactjs/react-lifecycles-compat"
"react-loader-advanced@1.7.1","MIT","https://github.com/nygardk/react-loader-advanced"
"react-onclickoutside@6.7.0","MIT","https://github.com/Pomax/react-onclickoutside"
"react-overlays@0.6.12","MIT","https://github.com/react-bootstrap/react-overlays"
"react-overlays@0.7.4","MIT","https://github.com/react-bootstrap/react-overlays"
"react-overlays@0.8.3","MIT","https://github.com/react-bootstrap/react-overlays"
"react-popper@1.0.2","MIT","https://github.com/souporserious/react-popper"
"react-prop-types@0.4.0","MIT","https://github.com/react-bootstrap/react-prop-types"
"react-proxy@1.1.8","MIT","https://github.com/gaearon/react-proxy"
"react-redux@5.0.6","MIT","https://github.com/reactjs/react-redux"
"react-tap-event-plugin@1.0.0","Apache-2.0","https://github.com/zilverline/react-tap-event-plugin"
"react-themeable@1.1.0","MIT","https://github.com/markdalgleish/react-themeable"
"react-toastr@2.9.5","MIT","https://github.com/tomchentw/react-toastr"
"react-transform-catch-errors@1.0.2","MIT","https://github.com/gaearon/react-transform-catch-errors"
"react-transform-hmr@1.0.4","MIT","https://github.com/gaearon/react-transform-hmr"
"react-transition-group@1.2.1","BSD-3-Clause","https://github.com/reactjs/react-transition-group"
"react-transition-group@2.5.0","BSD-3-Clause","https://github.com/reactjs/react-transition-group"
"react@15.6.2","MIT","https://github.com/facebook/react"
"read-pkg-up@1.0.1","MIT","https://github.com/sindresorhus/read-pkg-up"
"read-pkg@1.1.0","MIT","https://github.com/sindresorhus/read-pkg"
"readable-stream@1.0.34","MIT","https://github.com/isaacs/readable-stream"
"readable-stream@2.2.9","MIT","https://github.com/nodejs/readable-stream"
"readable-stream@2.3.3","MIT","https://github.com/nodejs/readable-stream"
"readdirp@2.1.0","MIT","https://github.com/thlorenz/readdirp"
"readline2@1.0.1","MIT","https://github.com/SBoudrias/readline2"
"rechoir@0.6.2","MIT","https://github.com/tkellen/node-rechoir"
"redbox-react@1.5.0","MIT","https://github.com/commissure/redbox-react"
"redent@1.0.0","MIT","https://github.com/sindresorhus/redent"
"redeyed@1.0.1","MIT","https://github.com/thlorenz/redeyed"
"reduce-css-calc@1.3.0","MIT","https://github.com/MoOx/reduce-css-calc"
"reduce-function-call@1.0.2","MIT","https://github.com/MoOx/reduce-function-call"
"redux-freeze-state@1.0.0","MIT","https://github.com/jfpalacios/redux-freeze-state"
"redux-promise-middleware@4.4.2","MIT","https://github.com/pburtchaell/redux-promise-middleware"
"redux-thunk@2.2.0","MIT","https://github.com/gaearon/redux-thunk"
"redux@3.7.2","MIT","https://github.com/reactjs/redux"
"regenerate@1.3.3","MIT","https://github.com/mathiasbynens/regenerate"
"regenerator-runtime@0.10.5","MIT","https://github.com/facebook/regenerator/tree/master/packages/regenerator-runtime"
"regenerator-runtime@0.11.1","MIT","https://github.com/facebook/regenerator/tree/master/packages/regenerator-runtime"
"regenerator-transform@0.10.1","BSD*","https://github.com/facebook/regenerator/tree/master/packages/regenerator-transform"
"regex-cache@0.4.4","MIT","https://github.com/jonschlinkert/regex-cache"
"regexpu-core@1.0.0","MIT","https://github.com/mathiasbynens/regexpu-core"
"regexpu-core@2.0.0","MIT","https://github.com/mathiasbynens/regexpu-core"
"regjsgen@0.2.0","MIT","https://github.com/d10/regjsgen"
"regjsparser@0.1.5","BSD*","https://github.com/jviereck/regjsparser"
"relateurl@0.2.7","MIT","https://github.com/stevenvachon/relateurl"
"remove-trailing-separator@1.1.0","ISC","https://github.com/darsain/remove-trailing-separator"
"renderkid@2.0.1","MIT","https://github.com/AriaMinaei/RenderKid"
"repeat-element@1.1.2","MIT","https://github.com/jonschlinkert/repeat-element"
"repeat-string@1.6.1","MIT","https://github.com/jonschlinkert/repeat-string"
"repeating@2.0.1","MIT","https://github.com/sindresorhus/repeating"
"request@2.79.0","Apache-2.0","https://github.com/request/request"
"request@2.81.0","Apache-2.0","https://github.com/request/request"
"request@2.83.0","Apache-2.0","https://github.com/request/request"
"require-directory@2.1.1","MIT","https://github.com/troygoode/node-require-directory"
"require-main-filename@1.0.1","ISC","https://github.com/yargs/require-main-filename"
"require-uncached@1.0.3","MIT","https://github.com/sindresorhus/require-uncached"
"requires-port@1.0.0","MIT","https://github.com/unshiftio/requires-port"
"resolve-from@1.0.1","MIT","https://github.com/sindresorhus/resolve-from"
"resolve@1.1.7","MIT","https://github.com/substack/node-resolve"
"resolve@1.5.0","MIT","https://github.com/browserify/node-resolve"
"restore-cursor@1.0.1","MIT","https://github.com/sindresorhus/restore-cursor"
"right-align@0.1.3","MIT","https://github.com/jonschlinkert/right-align"
"rimraf@2.6.1","ISC","https://github.com/isaacs/rimraf"
"rimraf@2.6.2","ISC","https://github.com/isaacs/rimraf"
"ripemd160@0.2.0","Custom: https://code.google.com/p/crypto-js/","https://github.com/cryptocoinjs/ripemd160"
"ripemd160@2.0.1","MIT","https://github.com/crypto-browserify/ripemd160"
"run-async@0.1.0","MIT","https://github.com/SBoudrias/run-async"
"rx-lite@3.1.2","Apache License, Version 2.0","https://github.com/Reactive-Extensions/RxJS"
"safe-buffer@5.0.1","MIT","https://github.com/feross/safe-buffer"
"safe-buffer@5.1.1","MIT","https://github.com/feross/safe-buffer"
"sane@1.4.1","MIT","https://github.com/amasad/sane"
"sass-graph@2.2.4","MIT","https://github.com/xzyfer/sass-graph"
"sass-loader@4.1.1","MIT","https://github.com/jtangelder/sass-loader"
"sax@1.2.4","ISC","https://github.com/isaacs/sax-js"
"scss-tokenizer@0.2.3","MIT","https://github.com/sasstools/scss-tokenizer"
"section-iterator@2.0.0","MIT","https://github.com/moroshko/section-iterator"
"semver@5.3.0","ISC","https://github.com/npm/node-semver"
"semver@5.4.1","ISC","https://github.com/npm/node-semver"
"send@0.14.2","MIT","https://github.com/pillarjs/send"
"send@0.16.1","MIT","https://github.com/pillarjs/send"
"serve-index@1.9.1","MIT","https://github.com/expressjs/serve-index"
"serve-static@1.11.2","MIT","https://github.com/expressjs/serve-static"
"serve-static@1.13.1","MIT","https://github.com/expressjs/serve-static"
"set-blocking@2.0.0","ISC","https://github.com/yargs/set-blocking"
"set-immediate-shim@1.0.1","MIT","https://github.com/sindresorhus/set-immediate-shim"
"setimmediate@1.0.5","MIT","https://github.com/YuzuJS/setImmediate"
"setprototypeof@1.0.2","ISC","https://github.com/wesleytodd/setprototypeof"
"setprototypeof@1.0.3","ISC","https://github.com/wesleytodd/setprototypeof"
"setprototypeof@1.1.0","ISC","https://github.com/wesleytodd/setprototypeof"
"sha.js@2.2.6","MIT","https://github.com/dominictarr/sha.js"
"sha.js@2.4.9","MIT","https://github.com/crypto-browserify/sha.js"
"shallow-equal@1.0.0","MIT","https://github.com/moroshko/shallow-equal"
"shelljs@0.7.8","BSD-3-Clause","https://github.com/shelljs/shelljs"
"shellwords@0.1.1","MIT","https://github.com/jimmycuadra/shellwords"
"signal-exit@3.0.2","ISC","https://github.com/tapjs/signal-exit"
"slash@1.0.0","MIT","https://github.com/sindresorhus/slash"
"slice-ansi@0.0.4","MIT","https://github.com/chalk/slice-ansi"
"sntp@1.0.9","BSD","https://github.com/hueniverse/sntp"
"sntp@2.1.0","BSD-3-Clause","https://github.com/hueniverse/sntp"
"sockjs-client@1.1.4","MIT","https://github.com/sockjs/sockjs-client"
"sockjs@0.3.19","MIT","https://github.com/sockjs/sockjs-node"
"sort-keys@1.1.2","MIT","https://github.com/sindresorhus/sort-keys"
"source-list-map@0.1.8","MIT","https://github.com/webpack/source-list-map"
"source-map-support@0.4.18","MIT","https://github.com/evanw/node-source-map-support"
"source-map@0.4.4","BSD-3-Clause","https://github.com/mozilla/source-map"
"source-map@0.5.6","BSD-3-Clause","https://github.com/mozilla/source-map"
"source-map@0.5.7","BSD-3-Clause","https://github.com/mozilla/source-map"
"source-map@0.6.1","BSD-3-Clause","https://github.com/mozilla/source-map"
"sourcemapped-stacktrace@1.1.8","BSD-3-Clause","https://github.com/novocaine/sourcemapped-stacktrace"
"spdx-correct@1.0.2","Apache-2.0","https://github.com/kemitchell/spdx-correct.js"
"spdx-expression-parse@1.0.4","(MIT AND CC-BY-3.0)","https://github.com/kemitchell/spdx-expression-parse.js"
"spdx-license-ids@1.2.2","Unlicense","https://github.com/shinnn/spdx-license-ids"
"sprintf-js@1.0.3","BSD-3-Clause","https://github.com/alexei/sprintf.js"
"sshpk@1.13.0","MIT","https://github.com/arekinath/node-sshpk"
"sshpk@1.13.1","MIT","https://github.com/arekinath/node-sshpk"
"stackframe@0.3.1","Public Domain","https://github.com/stacktracejs/stackframe"
"statuses@1.3.1","MIT","https://github.com/jshttp/statuses"
"stdout-stream@1.4.0","MIT*","https://github.com/mafintosh/stdout-stream"
"stream-browserify@2.0.1","MIT","https://github.com/substack/stream-browserify"
"stream-cache@0.0.2","MIT*","https://github.com/felixge/node-stream-cache"
"stream-http@2.7.2","MIT","https://github.com/jhiesey/stream-http"
"strict-uri-encode@1.1.0","MIT","https://github.com/kevva/strict-uri-encode"
"string-width@1.0.2","MIT","https://github.com/sindresorhus/string-width"
"string-width@2.1.1","MIT","https://github.com/sindresorhus/string-width"
"string_decoder@0.10.31","MIT","https://github.com/rvagg/string_decoder"
"string_decoder@1.0.1","MIT","https://github.com/rvagg/string_decoder"
"string_decoder@1.0.3","MIT","https://github.com/rvagg/string_decoder"
"stringstream@0.0.5","MIT","https://github.com/mhart/StringStream"
"strip-ansi@3.0.1","MIT","https://github.com/chalk/strip-ansi"
"strip-ansi@4.0.0","MIT","https://github.com/chalk/strip-ansi"
"strip-bom@2.0.0","MIT","https://github.com/sindresorhus/strip-bom"
"strip-bom@3.0.0","MIT","https://github.com/sindresorhus/strip-bom"
"strip-indent@1.0.1","MIT","https://github.com/sindresorhus/strip-indent"
"strip-json-comments@2.0.1","MIT","https://github.com/sindresorhus/strip-json-comments"
"style-loader@0.13.2","MIT","https://github.com/webpack/style-loader"
"supports-color@2.0.0","MIT","https://github.com/chalk/supports-color"
"supports-color@3.2.3","MIT","https://github.com/chalk/supports-color"
"supports-color@4.5.0","MIT","https://github.com/chalk/supports-color"
"supports-color@5.1.0","MIT","https://github.com/chalk/supports-color"
"svgo@0.7.2","MIT","https://github.com/svg/svgo"
"symbol-observable@1.1.0","MIT","https://github.com/blesh/symbol-observable"
"symbol-tree@3.2.2","MIT","https://github.com/jsdom/js-symbol-tree"
"table@3.8.3","BSD-3-Clause","https://github.com/gajus/table"
"tapable@0.1.10","MIT","https://github.com/webpack/tapable"
"tar-pack@3.4.0","BSD-2-Clause","https://github.com/ForbesLindesay/tar-pack"
"tar@2.2.1","ISC","https://github.com/isaacs/node-tar"
"test-exclude@3.3.0","ISC","https://github.com/istanbuljs/test-exclude"
"text-table@0.2.0","MIT","https://github.com/substack/text-table"
"throat@3.2.0","MIT","https://github.com/ForbesLindesay/throat"
"through@2.3.8","MIT","https://github.com/dominictarr/through"
"time-stamp@2.0.0","MIT","https://github.com/jonschlinkert/time-stamp"
"timers-browserify@1.4.2","MIT","https://github.com/jryans/timers-browserify"
"timers-browserify@2.0.4","MIT","https://github.com/jryans/timers-browserify"
"tmpl@1.0.4","BSD-3-Clause","https://github.com/daaku/nodejs-tmpl"
"to-arraybuffer@1.0.1","MIT","https://github.com/jhiesey/to-arraybuffer"
"to-fast-properties@1.0.3","MIT","https://github.com/sindresorhus/to-fast-properties"
"toposort@1.0.6","MIT","https://github.com/marcelklehr/toposort"
"tough-cookie@2.3.2","BSD-3-Clause","https://github.com/salesforce/tough-cookie"
"tough-cookie@2.3.3","BSD-3-Clause","https://github.com/salesforce/tough-cookie"
"tr46@0.0.3","MIT","https://github.com/Sebmaster/tr46.js"
"trim-newlines@1.0.0","MIT","https://github.com/sindresorhus/trim-newlines"
"trim-right@1.0.1","MIT","https://github.com/sindresorhus/trim-right"
"true-case-path@1.0.2","Apache*","https://github.com/barsh/true-case-path"
"tty-browserify@0.0.0","MIT","https://github.com/substack/tty-browserify"
"tunnel-agent@0.4.3","Apache-2.0","https://github.com/mikeal/tunnel-agent"
"tunnel-agent@0.6.0","Apache-2.0","https://github.com/mikeal/tunnel-agent"
"tweetnacl@0.14.5","Unlicense","https://github.com/dchest/tweetnacl-js"
"type-check@0.3.2","MIT","https://github.com/gkz/type-check"
"type-is@1.6.15","MIT","https://github.com/jshttp/type-is"
"typed-styles@0.0.5","MIT",""
"typedarray@0.0.6","MIT","https://github.com/substack/typedarray"
"ua-parser-js@0.7.17","(GPL-2.0 OR MIT)","https://github.com/faisalman/ua-parser-js"
"uglify-js@2.7.5","BSD-2-Clause","https://github.com/mishoo/UglifyJS2"
"uglify-js@2.8.29","BSD-2-Clause","https://github.com/mishoo/UglifyJS2"
"uglify-js@3.3.5","BSD-2-Clause","https://github.com/mishoo/UglifyJS2"
"uglify-to-browserify@1.0.2","MIT","https://github.com/ForbesLindesay/uglify-to-browserify"
"uid-number@0.0.6","ISC","https://github.com/isaacs/uid-number"
"ultron@1.1.1","MIT","https://github.com/unshiftio/ultron"
"unc-path-regex@0.1.2","MIT","https://github.com/regexhq/unc-path-regex"
"uncontrollable@4.1.0","MIT","https://github.com/jquense/uncontrollable"
"uniq@1.0.1","MIT","https://github.com/mikolalysenko/uniq"
"uniqid@4.1.1","MIT","https://github.com/adamhalasz/uniqid"
"uniqs@2.0.0","MIT","https://github.com/fgnass/uniqs"
"unpipe@1.0.0","MIT","https://github.com/stream-utils/unpipe"
"upper-case@1.1.3","MIT","https://github.com/blakeembrey/upper-case"
"url-parse@1.0.5","MIT","https://github.com/unshiftio/url-parse"
"url-parse@1.2.0","MIT","https://github.com/unshiftio/url-parse"
"url@0.11.0","MIT","https://github.com/defunctzombie/node-url"
"user-home@2.0.0","MIT","https://github.com/sindresorhus/user-home"
"util-deprecate@1.0.2","MIT","https://github.com/TooTallNate/util-deprecate"
"util@0.10.3","MIT","https://github.com/defunctzombie/node-util"
"utila@0.3.3","MIT","https://github.com/AriaMinaei/utila"
"utila@0.4.0","MIT","https://github.com/AriaMinaei/utila"
"utils-merge@1.0.0","MIT","https://github.com/jaredhanson/utils-merge"
"utils-merge@1.0.1","MIT","https://github.com/jaredhanson/utils-merge"
"uuid@3.0.1","MIT","https://github.com/kelektiv/node-uuid"
"uuid@3.1.0","MIT","https://github.com/kelektiv/node-uuid"
"validate-npm-package-license@3.0.1","Apache-2.0","https://github.com/kemitchell/validate-npm-package-license.js"
"vary@1.1.2","MIT","https://github.com/jshttp/vary"
"vendors@1.0.1","MIT","https://github.com/wooorm/vendors"
"verror@1.10.0","MIT","https://github.com/davepacheco/node-verror"
"verror@1.3.6","MIT*","https://github.com/davepacheco/node-verror"
"vm-browserify@0.0.4","MIT","https://github.com/substack/vm-browserify"
"walker@1.0.7","Apache-2.0","https://github.com/daaku/nodejs-walker"
"warning@3.0.0","BSD-3-Clause","https://github.com/BerkeleyTrue/warning"
"warning@4.0.2","MIT","https://github.com/BerkeleyTrue/warning"
"watch@0.10.0","Apache*","https://github.com/mikeal/watch"
"watchpack@0.2.9","MIT","https://github.com/webpack/watchpack"
"webidl-conversions@3.0.1","BSD-2-Clause","https://github.com/jsdom/webidl-conversions"
"webidl-conversions@4.0.2","BSD-2-Clause","https://github.com/jsdom/webidl-conversions"
"webpack-bundle-analyzer@2.9.2","MIT","https://github.com/webpack-contrib/webpack-bundle-analyzer"
"webpack-core@0.6.9","MIT","https://github.com/webpack/core"
"webpack-dev-middleware@1.12.2","MIT","https://github.com/webpack/webpack-dev-middleware"
"webpack-dev-server@1.16.5","MIT","https://github.com/webpack/webpack-dev-server"
"webpack-hot-middleware@2.21.0","MIT","https://github.com/glenjamin/webpack-hot-middleware"
"webpack-sources@0.1.5","MIT","https://github.com/webpack/webpack-sources"
"webpack@1.15.0","MIT","https://github.com/webpack/webpack"
"websocket-driver@0.7.0","MIT","https://github.com/faye/websocket-driver-node"
"websocket-extensions@0.1.3","MIT","https://github.com/faye/websocket-extensions-node"
"whatwg-encoding@1.0.3","MIT","https://github.com/jsdom/whatwg-encoding"
"whatwg-fetch@0.9.0","MIT","https://github.com/github/fetch"
"whatwg-fetch@2.0.3","MIT","https://github.com/github/fetch"
"whatwg-url@4.8.0","MIT","https://github.com/jsdom/whatwg-url"
"whet.extend@0.9.9","MIT","https://github.com/Meettya/whet.extend"
"which-module@1.0.0","ISC","https://github.com/nexdrew/which-module"
"which@1.3.0","ISC","https://github.com/isaacs/node-which"
"wide-align@1.1.2","ISC","https://github.com/iarna/wide-align"
"window-size@0.1.0","MIT","https://github.com/jonschlinkert/window-size"
"wolfy87-eventemitter@5.2.4","Unlicense","https://github.com/Olical/EventEmitter"
"wordwrap@0.0.2","MIT*","https://github.com/substack/node-wordwrap"
"wordwrap@0.0.3","MIT","https://github.com/substack/node-wordwrap"
"wordwrap@1.0.0","MIT","https://github.com/substack/node-wordwrap"
"worker-farm@1.5.2","MIT","https://github.com/rvagg/node-worker-farm"
"wrap-ansi@2.1.0","MIT","https://github.com/chalk/wrap-ansi"
"wrappy@1.0.2","ISC","https://github.com/npm/wrappy"
"write@0.2.1","MIT","https://github.com/jonschlinkert/write"
"ws@4.0.0","MIT","https://github.com/websockets/ws"
"xml-char-classes@1.0.0","MIT","https://github.com/sindresorhus/xml-char-classes"
"xml-name-validator@2.0.1","WTFPL","https://github.com/jsdom/xml-name-validator"
"xtend@4.0.1","MIT","https://github.com/Raynos/xtend"
"y18n@3.2.1","ISC","https://github.com/yargs/y18n"
"yallist@2.1.2","ISC","https://github.com/isaacs/yallist"
"yargs-parser@4.2.1","ISC","https://github.com/yargs/yargs-parser"
"yargs-parser@5.0.0","ISC","https://github.com/yargs/yargs-parser"
"yargs@3.10.0","MIT","https://github.com/bcoe/yargs"
"yargs@6.6.0","MIT","https://github.com/yargs/yargs"
"yargs@7.1.0","MIT","https://github.com/yargs/yargs"